cost	target-start	target-end	target-length	left-primer-start	left-primer-num-primers	left-primer-frac-bound	left-primer-target-sequences	right-primer-start	right-primer-num-primers	right-primer-frac-bound	right-primer-target-sequences	num-guides	total-frac-bound-by-guides	guide-target-sequences	guide-target-sequence-positions
2.5126942636811997	7870	7958	88	7870	1	0.9909255898366606	TCTACCGTTGTCTGTGGTGGAAAACGTACG	7928	1	0.9909255898366606	CATTCTGTCGTAGGCATAATTGGAATTGTG	1	0.9872958257713249	TTTTATATCACAGCAAATGGCGGTATTT	{7900}
2.5126942636811997	7937	8025	88	7937	1	0.9909255898366606	GTAGGCATAATTGGAATTGTGTGGATTGTG	7995	1	0.9909255898366606	CTGTGAAGAAGTCGCAAATGACCTCACTAC	1	0.9872958257713249	ACATTGCAGGTGTGGGGAATACCTTCAT	{7967}
2.5126942636811997	8530	8618	88	8530	1	0.9909255898366606	CCCGCAGGTGTGGAGTCTGATGTTGAGACC	8588	1	0.9909255898366606	CTCATAAACATGACATACAAATTACTAATG	1	0.9909255898366606	AATGAAATTGTTGACTCTGTGCAGTATG	{8560}
2.5126942636811997	9286	9374	88	9286	1	0.9909255898366606	ATTTTCTTTGTTTCTCGAGTCTTTGCTAAT	9344	1	0.9909255898366606	ATGAGATACCCTATAAGAGTTTCTCTGATA	1	0.9872958257713249	ACAGGCAGTGTTTGCTACACTCCTATAG	{9316}
2.5126942636811997	9528	9616	88	9528	1	0.9909255898366606	TATTAAATTTCCTGAAGTAGTATTTGAAAG	9586	1	0.9909255898366606	ACTCAGTACTGCCGGTTCGGTAGTTGTGAG	1	0.9872958257713249	TACACTTAGGATTACTAGAACTCTGTCA	{9558}
2.5126942636811997	12721	12809	88	12721	1	0.9909255898366606	AGCAAAAATTGTCAGTGCTATGCAAACTAT	12779	1	0.9909255898366606	AACGATGTTCTTAATGGTATCATTTCTAAC	1	0.9909255898366606	GTTGTTTGGTATGATTAAGAAGCTCGAC	{12751}
2.5126942636811997	13455	13543	88	13455	1	0.9909255898366606	TTAACTTCACCGTTGATCCTCAAAAAGCTT	13513	1	0.9909255898366606	CCCATTGACAAATTGTGTTAAGATGCTTAC	1	0.9872958257713249	ATCTCGATTTCGTCAATGCGGGAGGTGC	{13485}
2.5126942636811997	13505	13593	88	13505	1	0.9909255898366606	GGAGGTGCCCCATTGACAAATTGTGTTAAG	13563	1	0.9909255898366606	TAGCTATATCTGTTAAACCAGAGAGTACAG	1	1.0	ATGCTTACTCCTAAAACTGGTACAGGTA	{13535}
2.5126942636811997	13567	13655	88	13567	1	0.9909255898366606	TATATCTGTTAAACCAGAGAGTACAGCTGA	13625	1	0.9909255898366606	TGTCTCTATTGCCGTGCGCATATAGAACAT	1	0.9872958257713249	TCAAGAGACTTATGGTGGAGCTTCAGTG	{13597}
2.5126942636811997	13718	13806	88	13718	1	0.9909255898366606	CGTGACCCTGTGGGATTTTGTTTGTCAAAT	13776	1	0.9909255898366606	TTGGATATGGGTGCAATTGTGACTCGCTTA	1	0.9945553539019963	ACCCCCTGTAATGTCTGTCAATATTGGA	{13748}
