name	N1	N2	N3	N4	N5	N6	N7	N8	N9
N1-u1	0.8655905634021419	9.249410350090182e-05	0.0	0.0	0.005263157894736842	0.0	0.0	0.0	0.0
N1-u2	0.8803352475554865	9.249410350090182e-05	0.0	0.0	0.0	0.0	0.0	0.0	0.0
N1-u3	0.8709193439908945	0.0002774823105027054	0.0	0.0	0.1	0.0032679738562091504	0.0	0.349933598937583	0.0
N5-u1	0.041699001500336286	0.0	0.0	0.05	0.7473684210526316	0.0	0.0	0.9648074369189907	0.0
N5-u2	0.004811423250038802	0.0	0.0	0.0	0.9473684210526315	0.0	0.0	0.9316069057104913	0.0
N5-u3	0.0	0.0	0.0	0.0	0.8631578947368421	0.0	0.0	0.9209827357237715	0.0
N8-u1	0.0008277717419421594	0.0	0.0	0.0	0.8368421052631579	0.0	0.0	0.8333333333333334	0.0
N8-u2	0.0006725645403280045	0.0	0.0	0.0	0.8736842105263158	0.0	0.0	0.8333333333333334	0.0
N8-u3	0.0008277717419421594	0.0	0.0	0.1125	0.8842105263157894	0.0	0.0	0.8081009296148738	0.0
