cost	target-start	target-end	target-length	left-primer-start	left-primer-num-primers	left-primer-frac-bound	left-primer-target-sequences	right-primer-start	right-primer-num-primers	right-primer-frac-bound	right-primer-target-sequences	num-guides	total-frac-bound-by-guides	guide-target-sequences	guide-target-sequence-positions
2.5126942636811997	9286	9374	88	9286	1	0.9909255898366606	ATTTTCTTTGTTTCTCGAGTCTTTGCTAAT	9344	1	0.9909255898366606	ATGAGATACCCTATAAGAGTTTCTCTGATA	1	0.9872958257713249	ACAGGCAGTGTTTGCTACACTCCTATAG	{9316}
2.5126942636811997	13573	13661	88	13573	1	0.9909255898366606	TGTTAAACCAGAGAGTACAGCTGATCAAGA	13631	1	0.9909255898366606	TATTGCCGTGCGCATATAGAACATCCTGAT	1	0.9872958257713249	GACTTATGGTGGAGCTTCAGTGTGTCTC	{13603}
2.5126942636811997	14334	14422	88	14334	1	0.9909255898366606	TCCCAGTGTTATTGGTGTTTATCATAAACT	14392	1	0.9909255898366606	AACACTGTTAAATTTTGTGACCACATGGTC	1	0.9836660617059891	TGGAGAACGTCTACGCCAAGCTATCTTA	{14364}
2.5126942636811997	14991	15079	88	14991	1	0.9909255898366606	TTTTCTTGATTTGAGGACATCATGTTTTAG	15049	1	0.9909255898366606	TTTCAAACTGTGCGGCCTGGCAATTTTAAC	1	0.9891107078039928	TGTCGCTGCACTAACAACTGGTTTGACT	{15021}
2.5126942636811997	16001	16089	88	16001	1	0.9927404718693285	AGTTTGATTTGTATGTCAATGTTTACAGGA	16059	1	0.9927404718693285	TAAATACTATGCTTTTCTTAATAAGCACTT	1	0.9872958257713249	GCACTAGCCCAGACCCCAAATTTGTTGA	{16031}
2.5239433771173467	13456	13545	89	13456	1	0.9909255898366606	TAACTTCACCGTTGATCCTCAAAAAGCTTA	13515	1	0.9909255898366606	CATTGACAAATTGTGTTAAGATGCTTACTC	1	0.9872958257713249	TCTCGATTTCGTCAATGCGGGAGGTGCC	{13486}
2.5239433771173467	13675	13764	89	13675	1	0.9909255898366606	TAAATATAAGGGTAAGTTTGTCCAAATCCC	13734	1	0.9909255898366606	TTTGTTTGTCAAATACCCCCTGTAATGTCT	1	0.9872958257713249	GCTCAGTGTGTCCGTGACCCTGTGGGAT	{13706}
2.5239433771173467	26376	26465	89	26376	1	0.9927404718693285	CTCTATGGATTACGTGTCTCTGCTTAATCA	26435	1	0.9909255898366606	ATACTACTTGTTTGTATATCCCTAAACCCA	1	0.9872958257713249	ATTTGGCAGAAGTACCTTAATTCACCGT	{26407}
2.534811090344213	17942	18032	90	17942	1	0.9945553539019963	AGTATGTGCTACAGGTGTCCTAAGGAAATA	18002	1	0.9909255898366606	AATAAATTGTTAGCCAAGAAGGAGCTTTCA	1	0.9836660617059891	GTAAGCACTGTGAGCTCTCTTGTCTACA	{17972}
2.534811090344213	19180	19270	90	19180	1	0.9909255898366606	TGCTACTAATCACGATCGTTATTGCTCTGT	19240	1	0.9927404718693285	TGCAATAATGACTCGTTGTTTAGCTATTCA	1	0.9872958257713249	ATCAAGGAGCTCATGTGGCTTCTAATGA	{19212}
